student_id,household_income,gpa,attendance_rate,caste_category,target_aid_tier
101,120000,8.2,88,SC,Tier_1_Full_Grant
102,450000,6.5,75,General,Tier_3_General_Support
103,180000,9.1,95,OBC,Tier_1_Full_Grant
104,280000,7.4,80,Minority,Tier_2_Partial_Aid
105,80000,8.8,92,ST,Tier_1_Full_Grant
106,600000,5.9,70,General,Tier_3_General_Support
107,210000,8.5,89,OBC,Tier_1_Full_Grant
108,350000,7.1,82,General,Tier_2_Partial_Aid
109,150000,9.4,96,SC,Tier_1_Full_Grant
110,400000,6.8,78,Minority,Tier_3_General_Support
111,200000,8.9,91,ST,Tier_1_Full_Grant
112,500000,6.1,73,General,Tier_3_General_Support
113,230000,8.3,87,OBC,Tier_1_Full_Grant
114,300000,7.7,84,General,Tier_2_Partial_Aid
115,110000,9.2,95,SC,Tier_1_Full_Grant
116,320000,7.9,83,General,Tier_2_Partial_Aid
117,95000,9.0,94,SC,Tier_1_Full_Grant
118,480000,6.2,76,OBC,Tier_3_General_Support
119,140000,8.7,90,Minority,Tier_1_Full_Grant
120,620000,5.8,68,General,Tier_3_General_Support