income_bracket,education_level_code,academic_score,aid_tier
100000,1,8.5,Tier-1 (Full Support)
300000,2,6.2,Tier-2 (Partial Support)
600000,3,9.1,Tier-2 (Partial Support)
900000,4,7.5,Tier-3 (Minimal Support)
200000,1,9.5,Tier-1 (Full Support)
500000,3,5.5,Tier-3 (Minimal Support)
800000,4,8.0,Tier-2 (Partial Support)
150000,2,7.9,Tier-1 (Full Support)
250000,3,8.2,Tier-1 (Full Support)
450000,2,6.8,Tier-2 (Partial Support)
750000,4,7.1,Tier-3 (Minimal Support)
120000,1,9.0,Tier-1 (Full Support)
350000,3,7.4,Tier-2 (Partial Support)
550000,4,6.5,Tier-3 (Minimal Support)
950000,4,9.4,Tier-3 (Minimal Support)
180000,2,8.8,Tier-1 (Full Support)
400000,3,7.0,Tier-2 (Partial Support)
650000,4,6.1,Tier-3 (Minimal Support)
220000,1,8.1,Tier-1 (Full Support)
480000,3,8.9,Tier-2 (Partial Support)
